{
  "best_params": {
    "C": 10,
    "gamma": "auto"
  },
  "cv_best_f1": 0.6263236127106935,
  "accuracy": 0.600609756097561,
  "precision": 0.48863636363636365,
  "recall": 0.50390625,
  "f1": 0.49615384615384617,
  "confusion_matrix": [
    [
      265,
      135
    ],
    [
      127,
      129
    ]
  ]
}