{
  "best_params": {
    "C": 1.4406430486702142,
    "gamma": "auto",
    "balance_strategy": "class_weight"
  },
  "cv_best_f1_mean": 0.5752808322666451,
  "cv_f1_std": 0.11748910728703539,
  "n_trials": 60,
  "cv_scheme": "RepeatedStratifiedKFold(n_splits=5, n_repeats=3)",
  "accuracy": 0.6219512195121951,
  "precision": 0.5158730158730159,
  "recall": 0.5078125,
  "f1": 0.5118110236220472,
  "confusion_matrix": [
    [
      278,
      122
    ],
    [
      126,
      130
    ]
  ]
}